id_titik_mulai;id_titik_akhir;start_latitude;start_longitude;end_latitude;end_longitude
21390008;1425033102;51,434928;-0,1611764;51,4349746;-0,1610901
1677092762;579493410;51,62399;-0,1763979;51,623811;-0,1764239
26486694;1930267566;51,4525302;-0,1524368;51,4527491;-0,151896
1111592522;3775231113;51,4658511;-0,1541884;51,4656543;-0,1553343
5940503398;5940503394;51,5302893;-0,228343;51,5301973;-0,2279489
5224440152;5224440151;51,5796577;-0,1981508;51,5797012;-0,1981662
21539432;227756;51,4599286;-0,1208325;51,459852;-0,1212061
43405913;27242603;51,4322668;-0,1638849;51,4325;-0,1638009
6343348893;5827426460;51,5442646;0,0147744;51,5442859;0,0148598
1623681994;2378872;51,5289839;-0,2198089;51,5298852;-0,2234465
227757;114276599;51,4595641;-0,123961;51,4595801;-0,1236998
21504099;1237102032;51,458254;-0,1289285;51,4590687;-0,1290342
32046542;32046623;51,4651822;-0,2552399;51,4651529;-0,2564994
196051;902515655;51,6209294;-0,1766224;51,6214539;-0,1766044
2951577723;25631788;51,4586856;-0,2429995;51,4594005;-0,2431278
111950921;111951162;51,4701077;-0,1125006;51,4691853;-0,1124745
26346792;292139;51,466235;-0,1516941;51,4662952;-0,1505115
17899276;18292997;51,4637965;-0,2326424;51,4636857;-0,2319549
33203760;18126978;51,489578;-0,2061546;51,4892522;-0,2059079
267341420;33776308;51,4543707;-0,1132653;51,4544344;-0,1132969
17899643;6285304942;51,4628165;-0,2255593;51,4628766;-0,2261658
196049;1030634577;51,6221812;-0,1765521;51,6218796;-0,1765632
902515655;196051;51,6214539;-0,1766044;51,6209294;-0,1766224
301780;18235087;51,4626854;-0,2239621;51,4624337;-0,2224435
30427336;32046623;51,465136;-0,2568066;51,4651529;-0,2564994
299294;18239812;51,449898;-0,2409531;51,4504098;-0,2418474
1697599345;4731051219;51,53169;-0,2321102;51,5315138;-0,2317442
265111477;294158420;51,5284941;-0,1443278;51,5285819;-0,1443283
6012998332;6012998323;51,4515815;-0,1304564;51,4512796;-0,1305623
20961139;18127003;51,4874882;-0,2035374;51,4871433;-0,2033666
6285304942;17899643;51,4628766;-0,2261658;51,4628165;-0,2255593
5425603383;196051;51,6207892;-0,1766292;51,6209294;-0,1766224
997589776;1314925464;51,4587353;-0,1420571;51,4589729;-0,141882
111951162;111950921;51,4691853;-0,1124745;51,4701077;-0,1125006
21504099;114254937;51,458254;-0,1289285;51,4573513;-0,1289934
26480628;3942057971;51,4516397;-0,1535973;51,4511245;-0,1543333
17899643;301778;51,4628165;-0,2255593;51,4627839;-0,2250685
2378878;4712485405;51,5279046;-0,2159605;51,5281545;-0,2165801
110268008;4718334240;51,4597575;-0,1274494;51,4597557;-0,1268199
43406731;21390004;51,4314181;-0,1645353;51,4309034;-0,1650388
11079518;3942057971;51,4511099;-0,1543914;51,4511245;-0,1543333
902515739;579493410;51,6237298;-0,1764281;51,623811;-0,1764239
6012810682;6012812394;51,4520463;-0,1302951;51,4521092;-0,1302731
196038;1677107122;51,6235299;-0,1764571;51,6234943;-0,176463
33776703;33776696;51,4537563;-0,1205204;51,4536152;-0,1203788
110287458;33213210;51,4756289;-0,1190276;51,4746677;-0,1200131
106201;293813425;51,5276777;-0,1443142;51,5268601;-0,1443013
43405338;27242603;51,4327053;-0,1637241;51,4325;-0,1638009
620872375;620872402;51,5845102;-0,1998745;51,5842554;-0,1998695
1167800139;948926114;51,5317599;-0,1453104;51,5315724;-0,1452309
33228925;3037670502;51,4787909;-0,1156586;51,4791524;-0,1152585
275547984;6012998323;51,4511841;-0,1305958;51,4512796;-0,1305623
1663426986;1663475339;51,6372246;-0,1783163;51,6376675;-0,1787785
2222003536;21511949;51,4760447;-0,1185542;51,4764613;-0,1180757
10865104;57311992;51,4797325;-0,1146467;51,4795997;-0,1147863
2146646433;300501567;51,5324937;-0,1456359;51,5326905;-0,1457288
119606066;873734072;51,4474222;-0,1131006;51,4471019;-0,1130089
30427336;32046554;51,465136;-0,2568066;51,4651237;-0,2576032
299320;25631788;51,4607696;-0,2435771;51,4594005;-0,2431278
5220874283;620872460;51,5868314;-0,1998666;51,5863784;-0,1998792
620872407;5224440151;51,5802516;-0,1983848;51,5797012;-0,1981662
5669475346;196143;51,5885105;-0,1998135;51,5892032;-0,1998053
3796962982;18126978;51,4888703;-0,205461;51,4892522;-0,2059079
2375206;2378872;51,530152;-0,2254906;51,5298852;-0,2234465
620872402;620872375;51,5842554;-0,1998695;51,5845102;-0,1998745
33213254;3037670502;51,4792563;-0,1151519;51,4791524;-0,1152585
227773;119606066;51,4479266;-0,113136;51,4474222;-0,1131006
1797050018;26486694;51,4522057;-0,1530136;51,4525302;-0,1524368
195855;579493389;51,633793;-0,1759105;51,6341131;-0,1759885
1590448393;6285304942;51,4629158;-0,226562;51,4628766;-0,2261658
5224440151;5224440152;51,5797012;-0,1981662;51,5796577;-0,1981508
5879627225;1482090321;51,4499421;-0,159115;51,4499827;-0,15887
3625100900;30427351;51,4651273;-0,2601218;51,465099;-0,2596202
5830610791;2902800488;51,4559965;-0,1291791;51,4560228;-0,1291759
43405913;36712191;51,4322668;-0,1638849;51,4316997;-0,164256
2375206;5940503394;51,530152;-0,2254906;51,5301973;-0,2279489
5669475347;5669475346;51,5884378;-0,1998225;51,5885105;-0,1998135
101831;905115460;51,5356116;-0,1470438;51,5350795;-0,1467901
114265003;6012812386;51,4524027;-0,1301679;51,45238;-0,1301764
1663442661;195854;51,636062;-0,1770135;51,6357453;-0,1767753
2907092986;26706586;51,4597325;-0,1263931;51,4596737;-0,1257575
21511949;261698814;51,4764613;-0,1180757;51,4765613;-0,1179558
30427398;3736247465;51,464871;-0,2650638;51,4647965;-0,2661972
1663475470;1131002278;51,6378264;-0,1789134;51,637889;-0,1789629
480041;1663432888;51,6369187;-0,1779302;51,6368022;-0,1777847
6012812395;873733765;51,4535898;-0,1297496;51,453209;-0,1298915
299324;299326;51,4634994;-0,2437992;51,4652563;-0,2438268
1237101992;997589796;51,4567221;-0,1437872;51,4566855;-0,1438253
1314925464;997589776;51,4589729;-0,141882;51,4587353;-0,1420571
111950921;227729;51,4701077;-0,1125006;51,4704235;-0,1125102
1701556071;579493389;51,6345097;-0,1761061;51,6341131;-0,1759885
299324;3461330307;51,4634994;-0,2437992;51,4633818;-0,2437912
454089859;33776429;51,4517757;-0,1215717;51,451646;-0,1216526
1482086782;1482086781;51,4494368;-0,1606877;51,4496864;-0,1600159
1425033960;43405071;51,4328298;-0,1636607;51,4331796;-0,1634138
114269783;299791600;51,4491363;-0,1313609;51,4498972;-0,1310654
26346793;298073;51,4661918;-0,1522969;51,4661122;-0,15297
33776429;290025580;51,451646;-0,1216526;51,4514469;-0,121771
6012812394;6012810682;51,4521092;-0,1302731;51,4520463;-0,1302951
5861520677;245009257;51,6336654;-0,1758871;51,6329129;-0,1757096
4723152996;227757;51,4595707;-0,1241664;51,4595641;-0,123961
30427379;32044888;51,4649701;-0,2635883;51,4649393;-0,2640323
32045397;30427377;51,4651364;-0,2607917;51,4651351;-0,2605674
3625100901;3625100902;51,4650808;-0,258773;51,465095;-0,2583519
290025580;33776429;51,4514469;-0,121771;51,451646;-0,1216526
4551336405;227730;51,4711945;-0,1125848;51,4707607;-0,1125345
33228925;57308381;51,4787909;-0,1156586;51,478205;-0,1162554
299317;6124197522;51,4580332;-0,2428814;51,4570903;-0,2427689
5220874281;620872401;51,5850008;-0,1998871;51,5853976;-0,1998938
1314925428;997589796;51,4565068;-0,1439753;51,4566855;-0,1438253
4769703;298060;51,4646202;-0,1609722;51,4647339;-0,1603294
30427377;3625100900;51,4651351;-0,2605674;51,4651273;-0,2601218
1663475339;1663426986;51,6376675;-0,1787785;51,6372246;-0,1783163
2177848413;2146646433;51,5318011;-0,1453287;51,5324937;-0,1456359
227729;279391480;51,4704235;-0,1125102;51,4707448;-0,1125328
2146646433;2177848413;51,5324937;-0,1456359;51,5318011;-0,1453287
357270616;905115460;51,534771;-0,1466463;51,5350795;-0,1467901
1207440498;1207440535;51,4551278;-0,2432761;51,4550637;-0,2432975
773538559;330081122;51,5324329;-0,2358785;51,5326452;-0,2342423
32045097;30427371;51,4651263;-0,2615642;51,4651035;-0,2618891
111928139;33213092;51,4723383;-0,1127404;51,472193;-0,1127294
873734072;119606068;51,4471019;-0,1130089;51,4469627;-0,1129495
1578999260;130234354;51,5460958;0,0222754;51,5463174;0,0237324
20961236;33202557;51,4863088;-0,2029424;51,486365;-0,2029638
1030634588;1701556095;51,63515;-0,1763894;51,6345474;-0,1761378
6012812394;6012812386;51,4521092;-0,1302731;51,45238;-0,1301764
6396470241;18292997;51,4636825;-0,2319307;51,4636857;-0,2319549
873733545;1692210206;51,4506067;-0,1564968;51,450464;-0,1570149
33139292;1587291223;51,4546554;-0,1457946;51,4541239;-0,1463352
2907092986;4718334240;51,4597325;-0,1263931;51,4597557;-0,1268199
357270616;292940476;51,534771;-0,1466463;51,5345701;-0,1465626
196019;245009257;51,6326856;-0,1756549;51,6329129;-0,1757096
873734649;119611725;51,452896;-0,1133697;51,4526051;-0,1134697
33776689;290017334;51,4526202;-0,1210144;51,4521902;-0,1212863
26480957;1482086781;51,4497249;-0,1599119;51,4496864;-0,1600159
301766;301765;51,4646516;-0,2375393;51,464749;-0,2385063
300501947;2177848411;51,5339091;-0,1462629;51,5335113;-0,146088
2006920212;273461183;51,4494305;-0,112955;51,4490173;-0,1130248
625802561;26706362;51,4597269;-0,1221807;51,4596356;-0,123153
227787;6012810682;51,4518799;-0,1303505;51,4520463;-0,1302951
3942057971;11079518;51,4511245;-0,1543333;51,4511099;-0,1543914
199878;582492979;51,6383767;-0,1793228;51,6383459;-0,1793035
27242603;43405913;51,4325;-0,1638009;51,4322668;-0,1638849
21315191;43399892;51,4300366;-0,1659033;51,4297104;-0,1662332
27275957;4731051219;51,5312277;-0,2310272;51,5315138;-0,2317442
110270812;26706586;51,4596141;-0,1248767;51,4596737;-0,1257575
997589816;114247299;51,4580586;-0,1426131;51,4578439;-0,1427765
5224440154;5224440155;51,5790295;-0,1978902;51,5786614;-0,1977443
57308381;33228925;51,478205;-0,1162554;51,4787909;-0,1156586
2538572712;32048018;51,4652257;-0,2512982;51,4652131;-0,2542675
301772;18292998;51,4636109;-0,2314735;51,4636618;-0,23181
873733720;299791600;51,450684;-0,1307765;51,4498972;-0,1310654
5125389336;196035;51,6258258;-0,1759132;51,6258079;-0,1759228
33139383;33139292;51,4551451;-0,145316;51,4546554;-0,1457946
227710;33776308;51,4552079;-0,1137042;51,4544344;-0,1132969
33228800;33213216;51,478016;-0,1164506;51,4773979;-0,1170672
489665;196055;51,6182002;-0,1767506;51,6173225;-0,1767883
2150883852;111951162;51,4688316;-0,1124694;51,4691853;-0,1124745
6012812402;6012812395;51,4537742;-0,1296794;51,4535898;-0,1297496
4222655651;10865104;51,4801884;-0,1141367;51,4797325;-0,1146467
294160224;106203;51,5260385;-0,1442631;51,5256574;-0,1442502
292940769;300501947;51,5340833;-0,1463444;51,5339091;-0,1462629
110271817;4723152996;51,4596131;-0,1248401;51,4595707;-0,1241664
620872406;196693;51,5819126;-0,1990538;51,5822067;-0,1991985
2766676657;301780;51,4623629;-0,2248083;51,4626854;-0,2239621
873735102;6012810684;51,4526169;-0,1300871;51,4524253;-0,1301601
1254719345;18292975;51,4645483;-0,2367295;51,4645564;-0,2367891
3942057971;26480628;51,4511245;-0,1543333;51,4516397;-0,1535973
130193859;268509421;51,5446623;0,0163836;51,5449128;0,0173393
1677092762;1677092934;51,62399;-0,1763979;51,6241165;-0,1763762
26546583;110291494;51,4767834;-0,1123879;51,4761739;-0,1124662
18239812;299300;51,4504098;-0,2418474;51,4508946;-0,2426253
199878;451638;51,6383767;-0,1793228;51,6385695;-0,1794605
18126978;33203760;51,4892522;-0,2059079;51,489578;-0,2061546
5827239128;130193170;51,5436981;0,0125925;51,5437837;0,0129164
1697599391;773538559;51,5323341;-0,2363427;51,5324329;-0,2358785
5224440151;620872407;51,5797012;-0,1981662;51,5802516;-0,1983848
873733545;26480631;51,4506067;-0,1564968;51,4507723;-0,1559156
20961349;33203791;51,4896562;-0,2062097;51,4902049;-0,2065481
1697599391;2375153;51,5323341;-0,2363427;51,5322464;-0,2374632
902515750;1677092934;51,6241706;-0,1763735;51,6241165;-0,1763762
301780;2766676657;51,4626854;-0,2239621;51,4623629;-0,2248083
290017334;33776689;51,4521902;-0,1212863;51,4526202;-0,1210144
6012812410;6012812406;51,4541222;-0,1295628;51,4546357;-0,1294116
290017334;290017342;51,4521902;-0,1212863;51,4519939;-0,1214117
997589776;997589778;51,4587353;-0,1420571;51,4583701;-0,1423611
5224440155;5224440156;51,5786614;-0,1977443;51,578149;-0,1975245
33213272;33228960;51,4810259;-0,1131777;51,480395;-0,1139091
290017288;31922294;51,4494353;-0,1232714;51,4498558;-0,1228401
43405071;1425033960;51,4331796;-0,1634138;51,4328298;-0,1636607
5669475347;5220874284;51,5884378;-0,1998225;51,5876391;-0,1998695
620872460;529451966;51,5863784;-0,1998792;51,585898;-0,1998849
119611482;33776298;51,4541437;-0,1131727;51,4538111;-0,1130841
620849633;5224440158;51,576043;-0,1966799;51,5770654;-0,1971021
2177848411;300501567;51,5335113;-0,146088;51,5326905;-0,1457288
26399229;21390008;51,434603;-0,1617326;51,434928;-0,1611764
1314925496;1956811087;51,4592538;-0,1416463;51,4594954;-0,1414202
26480630;26480631;51,4509933;-0,1550055;51,4507723;-0,1559156
196034;196033;51,6265402;-0,1755367;51,6265808;-0,1755074
196051;5425603383;51,6209294;-0,1766224;51,6207892;-0,1766292
33228800;57308381;51,478016;-0,1164506;51,478205;-0,1162554
26346744;26346748;51,4648296;-0,1596943;51,464933;-0,1591488
1482090321;26480955;51,4499827;-0,15887;51,4502212;-0,1578716
10865104;4222655651;51,4797325;-0,1146467;51,4801884;-0,1141367
1623681983;2378877;51,5286807;-0,2181981;51,5284422;-0,2172808
1030634582;5425603383;51,6201525;-0,1766619;51,6207892;-0,1766292
196026;2643036;51,6276102;-0,1748049;51,6268877;-0,1752834
5220874284;20992707;51,5876391;-0,1998695;51,5872079;-0,1998765
196693;5220874267;51,5822067;-0,1991985;51,5825445;-0,199352
620872375;5220874281;51,5845102;-0,1998745;51,5850008;-0,1998871
3796962982;33203777;51,4888703;-0,205461;51,4887025;-0,2049761
301740;3625100902;51,4651151;-0,2577698;51,465095;-0,2583519
268509421;775954031;51,5449128;0,0173393;51,5452149;0,0184191
1663386752;195849;51,6394138;-0,1800275;51,6398113;-0,1802294
196697;5220874274;51,5803873;-0,1984375;51,5813547;-0,1988131
267337489;3892883;51,4574659;-0,1431098;51,4573248;-0,1432275
1591428980;130233337;51,5431479;0,0105698;51,5432589;0,0109527
1643665746;33203777;51,488661;-0,2048316;51,4887025;-0,2049761
26346790;298073;51,4659937;-0,1535262;51,4661122;-0,15297
1930267566;26480596;51,4527491;-0,151896;51,4528076;-0,1515942
130233667;130193859;51,5445278;0,0158422;51,5446623;0,0163836
300501141;293802531;51,5293961;-0,1443851;51,5299919;-0,1445366
1579000949;5827426458;51,5443211;0,0150011;51,5443447;0,0150933
997589768;997589778;51,4581845;-0,1425033;51,4583701;-0,1423611
3892883;267337486;51,4573248;-0,1432275;51,4569904;-0,1435381
631433362;2378877;51,5283531;-0,2170538;51,5284422;-0,2172808
873735102;873733777;51,4526169;-0,1300871;51,4528277;-0,1300199
30427351;3625100899;51,465099;-0,2596202;51,46509;-0,2592914
21539418;227728;51,4604445;-0,1186221;51,4605614;-0,1181764
5125389343;196035;51,6255371;-0,1760284;51,6258079;-0,1759228
5940503394;2375206;51,5301973;-0,2279489;51,530152;-0,2254906
5220874284;5669475347;51,5876391;-0,1998695;51,5884378;-0,1998225
4222655651;33228960;51,4801884;-0,1141367;51,480395;-0,1139091
25631786;299322;51,4616624;-0,2436482;51,4622792;-0,2436746
1663386752;195850;51,6394138;-0,1800275;51,6390703;-0,1798086
1207440426;1207440498;51,4559958;-0,2429245;51,4551278;-0,2432761
26706586;2907092986;51,4596737;-0,1257575;51,4597325;-0,1263931
905115460;101831;51,5350795;-0,1467901;51,5356116;-0,1470438
33776689;33776696;51,4526202;-0,1210144;51,4536152;-0,1203788
36712146;21390004;51,4308299;-0,1651187;51,4309034;-0,1650388
20961350;33203791;51,4903177;-0,2065985;51,4902049;-0,2065481
267337486;1237101992;51,4569904;-0,1435381;51,4567221;-0,1437872
26346739;26346744;51,4647747;-0,1600372;51,4648296;-0,1596943
620872406;5220874274;51,5819126;-0,1990538;51,5813547;-0,1988131
227756;625802561;51,459852;-0,1212061;51,4597269;-0,1221807
4712485405;2378878;51,5281545;-0,2165801;51,5279046;-0,2159605
294158420;265111477;51,5285819;-0,1443283;51,5284941;-0,1443278
11079513;11079515;51,4483532;-0,1634248;51,4488009;-0,1623468
1663475470;1663475339;51,6378264;-0,1789134;51,6376675;-0,1787785
2592978110;266041030;51,4663086;-0,1133707;51,4673143;-0,1128423
290017342;290017334;51,4519939;-0,1214117;51,4521902;-0,1212863
36712174;21315191;51,4304766;-0,1654661;51,4300366;-0,1659033
21539418;956533499;51,4604445;-0,1186221;51,4602869;-0,1192497
196052;1030634582;51,6201206;-0,1766651;51,6201525;-0,1766619
275226581;2902800488;51,4564064;-0,1291241;51,4560228;-0,1291759
330081122;773538559;51,5326452;-0,2342423;51,5324329;-0,2358785
2378872;1623681994;51,5298852;-0,2234465;51,5289839;-0,2198089
33139383;33139375;51,4551451;-0,145316;51,455635;-0,1448294
299300;18239812;51,4508946;-0,2426253;51,4504098;-0,2418474
1697599411;330081122;51,5324502;-0,2337149;51,5326452;-0,2342423
227758;1237102032;51,4597463;-0,1291217;51,4590687;-0,1290342
1643665746;18126999;51,488661;-0,2048316;51,4885319;-0,20443
57311992;10865104;51,4795997;-0,1147863;51,4797325;-0,1146467
1425033609;1425033406;51,4338351;-0,1627467;51,4335548;-0,1630539
196035;5125389343;51,6258079;-0,1759228;51,6255371;-0,1760284
18292998;301772;51,4636618;-0,23181;51,4636109;-0,2314735
873734625;119612535;51,4512071;-0,1130994;51,4519374;-0,113325
110271817;110270812;51,4596131;-0,1248401;51,4596141;-0,1248767
480041;1663426986;51,6369187;-0,1779302;51,6372246;-0,1783163
299299;1569013567;51,4513593;-0,2433632;51,4521129;-0,2439163
33213254;57311992;51,4792563;-0,1151519;51,4795997;-0,1147863
1930267566;26486694;51,4527491;-0,151896;51,4525302;-0,1524368
43399892;21315191;51,4297104;-0,1662332;51,4300366;-0,1659033
5425603383;1030634582;51,6207892;-0,1766292;51,6201525;-0,1766619
20992707;5220874284;51,5872079;-0,1998765;51,5876391;-0,1998695
26346765;26346760;51,4650595;-0,1584906;51,4650421;-0,1585788
1270275716;18126999;51,4882815;-0,2040326;51,4885319;-0,20443
16385387;1663432888;51,6362066;-0,1771437;51,6368022;-0,1777847
997589796;1314925428;51,4566855;-0,1438253;51,4565068;-0,1439753
26480629;26480628;51,4517198;-0,1535168;51,4516397;-0,1535973
873733746;873733777;51,4529269;-0,1299841;51,4528277;-0,1300199
290025573;873734149;51,4510026;-0,1220576;51,4507993;-0,1221786
4721090644;26346748;51,464968;-0,1589647;51,464933;-0,1591488
114265003;6012810684;51,4524027;-0,1301679;51,4524253;-0,1301601
275226581;114254937;51,4564064;-0,1291241;51,4573513;-0,1289934
227771;31922294;51,4502291;-0,1225601;51,4498558;-0,1228401
301778;2766676657;51,4627839;-0,2250685;51,4623629;-0,2248083
948926110;293802531;51,5311876;-0,1450591;51,5299919;-0,1445366
196050;902515655;51,621787;-0,1765761;51,6214539;-0,1766044
196050;1030634577;51,621787;-0,1765761;51,6218796;-0,1765632
290025615;119611482;51,4541849;-0,1131892;51,4541437;-0,1131727
26481032;11079515;51,44922;-0,1612474;51,4488009;-0,1623468
5220874267;620872405;51,5825445;-0,199352;51,5835076;-0,1997041
301766;18292975;51,4646516;-0,2375393;51,4645564;-0,2367891
20961237;18127003;51,4867878;-0,2031774;51,4871433;-0,2033666
873734649;33776298;51,452896;-0,1133697;51,4538111;-0,1130841
5224440153;5224440152;51,5791821;-0,1979417;51,5796577;-0,1981508
1663461749;582492979;51,637975;-0,1790446;51,6383459;-0,1793035
114256429;6012812406;51,4549223;-0,1293622;51,4546357;-0,1294116
620872401;529451966;51,5853976;-0,1998938;51,585898;-0,1998849
33164941;1314925428;51,4561253;-0,1443655;51,4565068;-0,1439753
3625100902;301740;51,465095;-0,2583519;51,4651151;-0,2577698
18293380;301772;51,4635463;-0,2310037;51,4636109;-0,2314735
110268008;4718334238;51,4597575;-0,1274494;51,4597542;-0,1277085
5827426460;1579000949;51,5442859;0,0148598;51,5443211;0,0150011
997589796;1237101992;51,4566855;-0,1438253;51,4567221;-0,1437872
873734630;119612535;51,4522524;-0,1134219;51,4519374;-0,113325
266041030;2592978110;51,4673143;-0,1128423;51,4663086;-0,1133707
267337486;3892883;51,4569904;-0,1435381;51,4573248;-0,1432275
279391480;227730;51,4707448;-0,1125328;51,4707607;-0,1125345
5220874283;20992707;51,5868314;-0,1998666;51,5872079;-0,1998765
33164941;33139375;51,4561253;-0,1443655;51,455635;-0,1448294
119611482;290025615;51,4541437;-0,1131727;51,4541849;-0,1131892
43405071;1425033227;51,4331796;-0,1634138;51,4333024;-0,1633061
1314925496;1314925464;51,4592538;-0,1416463;51,4589729;-0,141882
26486694;1797050018;51,4525302;-0,1524368;51,4522057;-0,1530136
106203;294161407;51,5256574;-0,1442502;51,5248982;-0,1442295
26346765;26346770;51,4650595;-0,1584906;51,4652184;-0,1576657
4769703;298050;51,4646202;-0,1609722;51,4644891;-0,1618572
620872401;5220874281;51,5853976;-0,1998938;51,5850008;-0,1998871
21390004;43406731;51,4309034;-0,1650388;51,4314181;-0,1645353
5224440157;620849528;51,5776389;-0,1973249;51,5773208;-0,1971979
1569013582;1569013591;51,4527566;-0,2438848;51,4533582;-0,2437489
6012810684;873735102;51,4524253;-0,1301601;51,4526169;-0,1300871
5224440156;5224440155;51,578149;-0,1975245;51,5786614;-0,1977443
1030634572;1663451615;51,6352403;-0,1764446;51,6353937;-0,176539
18239812;299294;51,4504098;-0,2418474;51,449898;-0,2409531
43412859;43412521;51,4355795;-0,1598104;51,4352873;-0,1604803
1569013591;1569013582;51,4533582;-0,2437489;51,4527566;-0,2438848
1569013591;1569013633;51,4533582;-0,2437489;51,4540829;-0,2435683
4062334248;4062334249;51,465569;-0,1557761;51,4654281;-0,1564593
2152588350;267341808;51,4610949;-0,1162666;51,4607612;-0,1174564
330081122;1697599411;51,5326452;-0,2342423;51,5324502;-0,2337149
1663442661;16385387;51,636062;-0,1770135;51,6362066;-0,1771437
1701556095;1701556071;51,6345474;-0,1761378;51,6345097;-0,1761061
196019;1701653559;51,6326856;-0,1756549;51,6315762;-0,1753306
293812291;293813425;51,5266879;-0,1442929;51,5268601;-0,1443013
36712146;36712174;51,4308299;-0,1651187;51,4304766;-0,1654661
1131002278;1663421251;51,637889;-0,1789629;51,6379793;-0,17903
1663432888;16385387;51,6368022;-0,1777847;51,6362066;-0,1771437
30427398;32044888;51,464871;-0,2650638;51,4649393;-0,2640323
5220874280;1389294666;51,5841053;-0,1998666;51,5837407;-0,1997675
4062334252;26346770;51,4652581;-0,1574549;51,4652184;-0,1576657
17899642;1972890994;51,4641812;-0,2341759;51,4643643;-0,2352686
36712191;43406731;51,4316997;-0,164256;51,4314181;-0,1645353
26346760;4721090644;51,4650421;-0,1585788;51,464968;-0,1589647
1207440535;1207440498;51,4550637;-0,2432975;51,4551278;-0,2432761
33776308;227710;51,4544344;-0,1132969;51,4552079;-0,1137042
6012810684;114265003;51,4524253;-0,1301601;51,4524027;-0,1301679
26346748;26346744;51,464933;-0,1591488;51,4648296;-0,1596943
5224440156;5224440157;51,578149;-0,1975245;51,5776389;-0,1973249
195849;1663386752;51,6398113;-0,1802294;51,6394138;-0,1800275
582492979;199878;51,6383459;-0,1793035;51,6383767;-0,1793228
1482086781;1482086782;51,4496864;-0,1600159;51,4494368;-0,1606877
1569013633;1569013591;51,4540829;-0,2435683;51,4533582;-0,2437489
5224440158;620849528;51,5770654;-0,1971021;51,5773208;-0,1971979
5220874274;620872406;51,5813547;-0,1988131;51,5819126;-0,1990538
26480596;1930267566;51,4528076;-0,1515942;51,4527491;-0,151896
873734625;2666985612;51,4512071;-0,1130994;51,450656;-0,112936
293802531;948926110;51,5299919;-0,1445366;51,5311876;-0,1450591
32046554;30427336;51,4651237;-0,2576032;51,465136;-0,2568066
620872407;196697;51,5802516;-0,1983848;51,5803873;-0,1984375
21504097;114256429;51,4553854;-0,1292779;51,4549223;-0,1293622
119611725;873734649;51,4526051;-0,1134697;51,452896;-0,1133697
43412521;43412859;51,4352873;-0,1604803;51,4355795;-0,1598104
1623682036;26467191;51,5304071;-0,2286079;51,530697;-0,2292465
1425033609;43410285;51,4338351;-0,1627467;51,4341559;-0,1623568
873733777;873735102;51,4528277;-0,1300199;51,4526169;-0,1300871
1697599345;2375143;51,53169;-0,2321102;51,5324067;-0,2335842
6106607129;1569013582;51,4524648;-0,2439392;51,4527566;-0,2438848
997589778;997589776;51,4583701;-0,1423611;51,4587353;-0,1420571
119610537;33776485;51,448764;-0,1130612;51,4483903;-0,1131051
33776308;267341420;51,4544344;-0,1132969;51,4543707;-0,1132653
4718334240;110268008;51,4597557;-0,1268199;51,4597575;-0,1274494
33776429;454089859;51,451646;-0,1216526;51,4517757;-0,1215717
33203777;3796962982;51,4887025;-0,2049761;51,4888703;-0,205461
195855;5861520677;51,633793;-0,1759105;51,6336654;-0,1758871
196693;620872406;51,5822067;-0,1991985;51,5819126;-0,1990538
196035;5125389336;51,6258079;-0,1759228;51,6258258;-0,1759132
1425033406;1425033227;51,4335548;-0,1630539;51,4333024;-0,1633061
290025615;267341420;51,4541849;-0,1131892;51,4543707;-0,1132653
1663432888;480041;51,6368022;-0,1777847;51,6369187;-0,1779302
620872402;5220874280;51,5842554;-0,1998695;51,5841053;-0,1998666
195850;1663386752;51,6390703;-0,1798086;51,6394138;-0,1800275
6012996248;275547984;51,4510093;-0,1306572;51,4511841;-0,1305958
33228960;33213272;51,480395;-0,1139091;51,4810259;-0,1131777
773538551;1623682036;51,5303155;-0,2284258;51,5304071;-0,2286079
18292997;6396470241;51,4636857;-0,2319549;51,4636825;-0,2319307
357264401;948926114;51,5313684;-0,1451391;51,5315724;-0,1452309
620872460;5220874283;51,5863784;-0,1998792;51,5868314;-0,1998666
267341808;2152588350;51,4607612;-0,1174564;51,4610949;-0,1162666
196039;587648043;51,6226864;-0,1765291;51,6225662;-0,1765438
1207440535;2652085279;51,4550637;-0,2432975;51,4543064;-0,2435142
5125389336;196034;51,6258258;-0,1759132;51,6265402;-0,1755367
26706587;4718334228;51,4597516;-0,1278834;51,4597526;-0,127803
6012998332;227787;51,4515815;-0,1304564;51,4518799;-0,1303505
290017342;454089859;51,4519939;-0,1214117;51,4517757;-0,1215717
196049;587648043;51,6221812;-0,1765521;51,6225662;-0,1765438
5888872233;1591428980;51,5431133;0,0104425;51,5431479;0,0105698
1569013633;2652085279;51,4540829;-0,2435683;51,4543064;-0,2435142
5669475346;5669475347;51,5885105;-0,1998135;51,5884378;-0,1998225
21279528;43412859;51,4356592;-0,1596174;51,4355795;-0,1598104
1425033227;43405071;51,4333024;-0,1633061;51,4331796;-0,1634138
4731051219;1697599345;51,5315138;-0,2317442;51,53169;-0,2321102
26346770;26346765;51,4652184;-0,1576657;51,4650595;-0,1584906
196053;60441682;51,6192148;-0,1767097;51,6193913;-0,1766894
1797050018;26480654;51,4522057;-0,1530136;51,4521544;-0,1530829
26467191;1623682036;51,530697;-0,2292465;51,5304071;-0,2286079
5940503398;773538551;51,5302893;-0,228343;51,5303155;-0,2284258
292940476;357270616;51,5345701;-0,1465626;51,534771;-0,1466463
26480629;26480654;51,4517198;-0,1535168;51,4521544;-0,1530829
4062334250;4062334249;51,4653789;-0,1567313;51,4654281;-0,1564593
1425033960;43405338;51,4328298;-0,1636607;51,4327053;-0,1637241
902515758;196053;51,618606;-0,1767402;51,6192148;-0,1767097
1701556071;1701556095;51,6345097;-0,1761061;51,6345474;-0,1761378
196038;1677146686;51,6235299;-0,1764571;51,6235652;-0,1764539
33213092;261245909;51,472193;-0,1127294;51,4714304;-0,1126175
196033;196034;51,6265808;-0,1755074;51,6265402;-0,1755367
196052;60441682;51,6201206;-0,1766651;51,6193913;-0,1766894
21539428;33776663;51,4545094;-0,1198097;51,4544482;-0,1198508
130192792;275069586;51,5433006;0,0111057;51,5435202;0,0119265
227730;4551336405;51,4707607;-0,1125345;51,4711945;-0,1125848
27242603;43405338;51,4325;-0,1638009;51,4327053;-0,1637241
1207440498;1207440426;51,4551278;-0,2432761;51,4559958;-0,2429245
956533499;1548805315;51,4602869;-0,1192497;51,4602808;-0,1192754
26480654;1797050018;51,4521544;-0,1530829;51,4522057;-0,1530136
227728;267341808;51,4605614;-0,1181764;51,4607612;-0,1174564
1623682036;773538551;51,5304071;-0,2286079;51,5303155;-0,2284258
60441682;196053;51,6193913;-0,1766894;51,6192148;-0,1767097
298060;26346739;51,4647339;-0,1603294;51,4647747;-0,1600372
873734264;33776663;51,4538738;-0,1202236;51,4544482;-0,1198508
2375143;1697599411;51,5324067;-0,2335842;51,5324502;-0,2337149
2375200;26467191;51,5309036;-0,2300541;51,530697;-0,2292465
26706362;114276599;51,4596356;-0,123153;51,4595801;-0,1236998
620849528;5224440157;51,5773208;-0,1971979;51,5776389;-0,1973249
43410285;1425033609;51,4341559;-0,1623568;51,4338351;-0,1627467
110291494;26546583;51,4761739;-0,1124662;51,4767834;-0,1123879
5220874281;620872375;51,5850008;-0,1998871;51,5845102;-0,1998745
26346748;4721090644;51,464933;-0,1591488;51,464968;-0,1589647
195854;1663451615;51,6357453;-0,1767753;51,6353937;-0,176539
451638;199878;51,6385695;-0,1794605;51,6383767;-0,1793228
1207440426;299315;51,4559958;-0,2429245;51,4569677;-0,2427674
299315;1207440426;51,4569677;-0,2427674;51,4559958;-0,2429245
227730;279391480;51,4707607;-0,1125345;51,4707448;-0,1125328
3625100899;3625100901;51,46509;-0,2592914;51,4650808;-0,258773
6124197522;299317;51,4570903;-0,2427689;51,4580332;-0,2428814
32044928;30427379;51,4650147;-0,2629819;51,4649701;-0,2635883
1254719345;301768;51,4645483;-0,2367295;51,4643966;-0,2354965
2138031422;27275957;51,5309985;-0,2304097;51,5312277;-0,2310272
1314925464;1314925496;51,4589729;-0,141882;51,4592538;-0,1416463
4731051219;27275957;51,5315138;-0,2317442;51,5312277;-0,2310272
902515758;196054;51,618606;-0,1767402;51,6183077;-0,1767455
33776663;21539428;51,4544482;-0,1198508;51,4545094;-0,1198097
26399228;43412521;51,4352261;-0,160613;51,4352873;-0,1604803
20961139;1270275716;51,4874882;-0,2035374;51,4882815;-0,2040326
1425033406;1425033609;51,4335548;-0,1630539;51,4338351;-0,1627467
110272447;1548805315;51,4600729;-0,1201485;51,4602808;-0,1192754
4062334248;3775231113;51,465569;-0,1557761;51,4656543;-0,1553343
873734149;290025573;51,4507993;-0,1221786;51,4510026;-0,1220576
196053;902515758;51,6192148;-0,1767097;51,618606;-0,1767402
3736247465;301723;51,4647965;-0,2661972;51,464747;-0,2667153
21315191;36712174;51,4300366;-0,1659033;51,4304766;-0,1654661
5879627225;26480957;51,4499421;-0,159115;51,4497249;-0,1599119
18126978;3796962982;51,4892522;-0,2059079;51,4888703;-0,205461
902515739;1677146686;51,6237298;-0,1764281;51,6235652;-0,1764539
21539432;110272447;51,4599286;-0,1208325;51,4600729;-0,1201485
2951577723;299317;51,4586856;-0,2429995;51,4580332;-0,2428814
905115460;357270616;51,5350795;-0,1467901;51,534771;-0,1466463
33776485;119613959;51,4483903;-0,1131051;51,4479977;-0,1131347
33213092;111928139;51,472193;-0,1127294;51,4723383;-0,1127404
130193782;130193642;51,5456483;0,0200303;51,5459254;0,0213515
1111592522;3775227674;51,4658511;-0,1541884;51,4658659;-0,1541178
6012812395;6012812402;51,4535898;-0,1297496;51,4537742;-0,1296794
130193340;130233667;51,5444782;0,0156374;51,5445278;0,0158422
21390007;43410285;51,4343325;-0,1621124;51,4341559;-0,1623568
6012810680;873733765;51,4531679;-0,1299029;51,453209;-0,1298915
32044928;30427371;51,4650147;-0,2629819;51,4651035;-0,2618891
489665;196054;51,6182002;-0,1767506;51,6183077;-0,1767455
25631788;2951577723;51,4594005;-0,2431278;51,4586856;-0,2429995
529451966;620872460;51,585898;-0,1998849;51,5863784;-0,1998792
26346744;26346739;51,4648296;-0,1596943;51,4647747;-0,1600372
298050;4769703;51,4644891;-0,1618572;51,4646202;-0,1609722
18235087;301780;51,4624337;-0,2224435;51,4626854;-0,2239621
1389294666;5220874280;51,5837407;-0,1997675;51,5841053;-0,1998666
1590448416;18235127;51,4631438;-0,2282286;51,4629643;-0,2269768
6454026544;32048018;51,4652044;-0,2545952;51,4652131;-0,2542675
529451966;620872401;51,585898;-0,1998849;51,5853976;-0,1998938
1030634577;196049;51,6218796;-0,1765632;51,6221812;-0,1765521
26480630;11079518;51,4509933;-0,1550055;51,4511099;-0,1543914
2221982845;33213216;51,4766242;-0,1178893;51,4773979;-0,1170672
26346739;298060;51,4647747;-0,1600372;51,4647339;-0,1603294
1590448393;18235127;51,4629158;-0,226562;51,4629643;-0,2269768
32044888;30427379;51,4649393;-0,2640323;51,4649701;-0,2635883
1663426986;480041;51,6372246;-0,1783163;51,6369187;-0,1779302
4723152996;110271817;51,4595707;-0,1241664;51,4596131;-0,1248401
260381462;227790;51,4466896;-0,1128051;51,4448429;-0,1114942
43410285;21390007;51,4341559;-0,1623568;51,4343325;-0,1621124
33776703;873734264;51,4537563;-0,1205204;51,4538738;-0,1202236
110291494;110287448;51,4761739;-0,1124662;51,4741058;-0,1127078
110287448;26706951;51,4741058;-0,1127078;51,4738475;-0,1127167
195850;451638;51,6390703;-0,1798086;51,6385695;-0,1794605
6106607129;1569013567;51,4524648;-0,2439392;51,4521129;-0,2439163
110270812;110271817;51,4596141;-0,1248767;51,4596131;-0,1248401
6454026544;32046542;51,4652044;-0,2545952;51,4651822;-0,2552399
30427351;3625100900;51,465099;-0,2596202;51,4651273;-0,2601218
245009257;196019;51,6329129;-0,1757096;51,6326856;-0,1756549
130233645;32636782;51,5441412;0,0142848;51,5441788;0,0144494
290025580;290025590;51,4514469;-0,121771;51,4510946;-0,1219935
119613042;2006920212;51,4500983;-0,1128753;51,4494305;-0,112955
114254937;275226581;51,4573513;-0,1289934;51,4564064;-0,1291241
3775231113;4062334248;51,4656543;-0,1553343;51,465569;-0,1557761
587648043;196049;51,6225662;-0,1765438;51,6221812;-0,1765521
3461330307;6205314505;51,4633818;-0,2437912;51,4633403;-0,2437799
119606068;260381462;51,4469627;-0,1129495;51,4466896;-0,1128051
110286668;26706951;51,4733303;-0,1127512;51,4738475;-0,1127167
4718334240;2907092986;51,4597557;-0,1268199;51,4597325;-0,1263931
299791600;114269783;51,4498972;-0,1310654;51,4491363;-0,1313609
3625100900;30427377;51,4651273;-0,2601218;51,4651351;-0,2605674
31922294;290017288;51,4498558;-0,1228401;51,4494353;-0,1232714
454089859;290017342;51,4517757;-0,1215717;51,4519939;-0,1214117
1167800139;2177848413;51,5317599;-0,1453104;51,5318011;-0,1453287
2216565671;294158420;51,529243;-0,144373;51,5285819;-0,1443283
26480628;26480629;51,4516397;-0,1535973;51,4517198;-0,1535168
299300;299299;51,4508946;-0,2426253;51,4513593;-0,2433632
18293093;18235112;51,4631685;-0,2283979;51,4633855;-0,2298997
116117394;5888872233;51,5427879;0,009274;51,5431133;0,0104425
26467191;2375200;51,530697;-0,2292465;51,5309036;-0,2300541
227771;873734149;51,4502291;-0,1225601;51,4507993;-0,1221786
298060;4769703;51,4647339;-0,1603294;51,4646202;-0,1609722
301768;1972890994;51,4643966;-0,2354965;51,4643643;-0,2352686
997589816;997589768;51,4580586;-0,1426131;51,4581845;-0,1425033
130193642;1578999260;51,5459254;0,0213515;51,5460958;0,0222754
5125389343;1986996234;51,6255371;-0,1760284;51,6245533;-0,1763195
18235112;1972890938;51,4633855;-0,2298997;51,4634581;-0,2303888
3037670502;33228925;51,4791524;-0,1152585;51,4787909;-0,1156586
2138031422;2375200;51,5309985;-0,2304097;51,5309036;-0,2300541
267337489;114247299;51,4574659;-0,1431098;51,4578439;-0,1427765
1131002278;1663475470;51,637889;-0,1789629;51,6378264;-0,1789134
4721090644;26346760;51,464968;-0,1589647;51,4650421;-0,1585788
18235112;18293093;51,4633855;-0,2298997;51,4631685;-0,2283979
1972890994;301768;51,4643643;-0,2352686;51,4643966;-0,2354965
301778;17899643;51,4627839;-0,2250685;51,4628165;-0,2255593
3775227674;1111592522;51,4658659;-0,1541178;51,4658511;-0,1541884
902515750;1677085106;51,6241706;-0,1763735;51,6245383;-0,1763229
26706951;110287448;51,4738475;-0,1127167;51,4741058;-0,1127078
32046554;301740;51,4651237;-0,2576032;51,4651151;-0,2577698
290025590;290025580;51,4510946;-0,1219935;51,4514469;-0,121771
21539428;33776425;51,4545094;-0,1198097;51,4550693;-0,1194514
6396470241;18292998;51,4636825;-0,2319307;51,4636618;-0,23181
299317;2951577723;51,4580332;-0,2428814;51,4586856;-0,2429995
6012812386;114265003;51,45238;-0,1301764;51,4524027;-0,1301679
299322;6205314505;51,4622792;-0,2436746;51,4633403;-0,2437799
26346790;3775227674;51,4659937;-0,1535262;51,4658659;-0,1541178
1250564256;1972890938;51,4635172;-0,2308075;51,4634581;-0,2303888
11079515;11079513;51,4488009;-0,1623468;51,4483532;-0,1634248
18292998;6396470241;51,4636618;-0,23181;51,4636825;-0,2319307
196034;5125389336;51,6265402;-0,1755367;51,6258258;-0,1759132
1569013567;299299;51,4521129;-0,2439163;51,4513593;-0,2433632
32045397;32045097;51,4651364;-0,2607917;51,4651263;-0,2615642
261245909;4551336405;51,4714304;-0,1126175;51,4711945;-0,1125848
17899276;18292996;51,4637965;-0,2326424;51,4639572;-0,2332772
1389294666;620872405;51,5837407;-0,1997675;51,5835076;-0,1997041
997589778;997589768;51,4583701;-0,1423611;51,4581845;-0,1425033
57311992;33213254;51,4795997;-0,1147863;51,4792563;-0,1151519
195854;1663442661;51,6357453;-0,1767753;51,636062;-0,1770135
26480955;1482090321;51,4502212;-0,1578716;51,4499827;-0,15887
26706587;227758;51,4597516;-0,1278834;51,4597463;-0,1291217
245009257;5861520677;51,6329129;-0,1757096;51,6336654;-0,1758871
2652085279;1569013633;51,4543064;-0,2435142;51,4540829;-0,2435683
1237102032;227758;51,4590687;-0,1290342;51,4597463;-0,1291217
290025590;290025573;51,4510946;-0,1219935;51,4510026;-0,1220576
30427377;32045397;51,4651351;-0,2605674;51,4651364;-0,2607917
2375153;1697599391;51,5322464;-0,2374632;51,5323341;-0,2363427
1482086781;26480957;51,4496864;-0,1600159;51,4497249;-0,1599119
1587291223;33139292;51,4541239;-0,1463352;51,4546554;-0,1457946
6012812406;114256429;51,4546357;-0,1294116;51,4549223;-0,1293622
26346760;26346765;51,4650421;-0,1585788;51,4650595;-0,1584906
18126999;1270275716;51,4885319;-0,20443;51,4882815;-0,2040326
114276599;26706362;51,4595801;-0,1236998;51,4596356;-0,123153
32046623;30427336;51,4651529;-0,2564994;51,465136;-0,2568066
620872405;1389294666;51,5835076;-0,1997041;51,5837407;-0,1997675
1692210206;873733547;51,450464;-0,1570149;51,4503216;-0,1575076
130233337;130192792;51,5432589;0,0109527;51,5433006;0,0111057
773538551;5940503398;51,5303155;-0,2284258;51,5302893;-0,228343
119611725;873734630;51,4526051;-0,1134697;51,4522524;-0,1134219
6124197522;299315;51,4570903;-0,2427689;51,4569677;-0,2427674
357264401;948926110;51,5313684;-0,1451391;51,5311876;-0,1450591
227758;26706587;51,4597463;-0,1291217;51,4597516;-0,1278834
3625100902;3625100901;51,465095;-0,2583519;51,4650808;-0,258773
196143;5669475346;51,5892032;-0,1998053;51,5885105;-0,1998135
300501567;2177848411;51,5326905;-0,1457288;51,5335113;-0,146088
2652085279;1207440535;51,4543064;-0,2435142;51,4550637;-0,2432975
130234354;32636795;51,5463174;0,0237324;51,5465213;0,0256919
905115457;292940476;51,5344047;-0,1464933;51,5345701;-0,1465626
30427379;32044928;51,4649701;-0,2635883;51,4650147;-0,2629819
130193686;130193782;51,5453392;0,0188694;51,5456483;0,0200303
1972890938;18235112;51,4634581;-0,2303888;51,4633855;-0,2298997
290025573;290025590;51,4510026;-0,1220576;51,4510946;-0,1219935
2902800488;275226581;51,4560228;-0,1291759;51,4564064;-0,1291241
32046623;32046542;51,4651529;-0,2564994;51,4651822;-0,2552399
30427371;32044928;51,4651035;-0,2618891;51,4650147;-0,2629819
3037670502;33213254;51,4791524;-0,1152585;51,4792563;-0,1151519
1030634577;196050;51,6218796;-0,1765632;51,621787;-0,1765761
6205314505;3461330307;51,4633403;-0,2437799;51,4633818;-0,2437912
902515655;196050;51,6214539;-0,1766044;51,621787;-0,1765761
17899642;18292996;51,4641812;-0,2341759;51,4639572;-0,2332772
20992707;5220874283;51,5872079;-0,1998765;51,5868314;-0,1998666
114276599;227757;51,4595801;-0,1236998;51,4595641;-0,123961
16385387;1663442661;51,6362066;-0,1771437;51,636062;-0,1770135
301740;32046554;51,4651151;-0,2577698;51,4651237;-0,2576032
1956811087;1314925496;51,4594954;-0,1414202;51,4592538;-0,1416463
773538559;1697599391;51,5324329;-0,2358785;51,5323341;-0,2363427
26480955;873733547;51,4502212;-0,1578716;51,4503216;-0,1575076
33776298;873734649;51,4538111;-0,1130841;51,452896;-0,1133697
4551336405;261245909;51,4711945;-0,1125848;51,4714304;-0,1126175
279391480;227729;51,4707448;-0,1125328;51,4704235;-0,1125102
1663461749;1663421251;51,637975;-0,1790446;51,6379793;-0,17903
32636782;6273834063;51,5441788;0,0144494;51,5442606;0,0147584
33776425;21539428;51,4550693;-0,1194514;51,4545094;-0,1198097
36712191;43405913;51,4316997;-0,164256;51,4322668;-0,1638849
300501567;2146646433;51,5326905;-0,1457288;51,5324937;-0,1456359
4718334228;26706587;51,4597526;-0,127803;51,4597516;-0,1278834
5220874274;196697;51,5813547;-0,1988131;51,5803873;-0,1984375
26480654;26480629;51,4521544;-0,1530829;51,4517198;-0,1535168
26399229;21390007;51,434603;-0,1617326;51,4343325;-0,1621124
119612535;873734630;51,4519374;-0,113325;51,4522524;-0,1134219
33213216;33228800;51,4773979;-0,1170672;51,478016;-0,1164506
631433362;4712485405;51,5283531;-0,2170538;51,5281545;-0,2165801
26706951;110286668;51,4738475;-0,1127167;51,4733303;-0,1127512
620872405;5220874267;51,5835076;-0,1997041;51,5825445;-0,199352
25631786;2104867490;51,4616624;-0,2436482;51,4612672;-0,243634
6012810682;227787;51,4520463;-0,1302951;51,4518799;-0,1303505
33776696;33776689;51,4536152;-0,1203788;51,4526202;-0,1210144
625802561;227756;51,4597269;-0,1221807;51,459852;-0,1212061
873733752;873733780;51,4529823;-0,1299662;51,4530401;-0,1299474
26399228;1425033102;51,4352261;-0,160613;51,4349746;-0,1610901
33202557;20961236;51,486365;-0,2029638;51,4863088;-0,2029424
3461330307;299324;51,4633818;-0,2437912;51,4634994;-0,2437992
4718334238;110268008;51,4597542;-0,1277085;51,4597575;-0,1274494
873733746;873733752;51,4529269;-0,1299841;51,4529823;-0,1299662
6012812402;6012812410;51,4537742;-0,1296794;51,4541222;-0,1295628
110272447;21539432;51,4600729;-0,1201485;51,4599286;-0,1208325
294161407;106203;51,5248982;-0,1442295;51,5256574;-0,1442502
873733720;6012996248;51,450684;-0,1307765;51,4510093;-0,1306572
1677146686;196038;51,6235652;-0,1764539;51,6235299;-0,1764571
5830610791;21504097;51,4559965;-0,1291791;51,4553854;-0,1292779
4718334228;4718334238;51,4597526;-0,127803;51,4597542;-0,1277085
1270275716;20961139;51,4882815;-0,2040326;51,4874882;-0,2035374
18293093;1590448416;51,4631685;-0,2283979;51,4631438;-0,2282286
873733765;6012810680;51,453209;-0,1298915;51,4531679;-0,1299029
293802531;300501141;51,5299919;-0,1445366;51,5293961;-0,1443851
301723;3736247465;51,464747;-0,2667153;51,4647965;-0,2661972
873734630;119611725;51,4522524;-0,1134219;51,4526051;-0,1134697
33202557;20961237;51,486365;-0,2029638;51,4867878;-0,2031774
227756;21539432;51,459852;-0,1212061;51,4599286;-0,1208325
33213210;110287458;51,4746677;-0,1200131;51,4756289;-0,1190276
275547984;6012996248;51,4511841;-0,1305958;51,4510093;-0,1306572
130193170;130233645;51,5437837;0,0129164;51,5441412;0,0142848
33139375;33139383;51,455635;-0,1448294;51,4551451;-0,145316
1569013582;6106607129;51,4527566;-0,2438848;51,4524648;-0,2439392
1482086782;26481020;51,4494368;-0,1606877;51,4492948;-0,1610603
110284582;33213210;51,4734101;-0,121144;51,4746677;-0,1200131
3892883;267337489;51,4573248;-0,1432275;51,4574659;-0,1431098
2216565671;300501141;51,529243;-0,144373;51,5293961;-0,1443851
33228960;4222655651;51,480395;-0,1139091;51,4801884;-0,1141367
6012812406;6012812410;51,4546357;-0,1294116;51,4541222;-0,1295628
275069586;5827239128;51,5435202;0,0119265;51,5436981;0,0125925
5940503394;5940503398;51,5301973;-0,2279489;51,5302893;-0,228343
299315;6124197522;51,4569677;-0,2427674;51,4570903;-0,2427689
27275957;2138031422;51,5312277;-0,2310272;51,5309985;-0,2304097
1663475339;1663475470;51,6376675;-0,1787785;51,6378264;-0,1789134
6012998323;275547984;51,4512796;-0,1305623;51,4511841;-0,1305958
32044888;30427398;51,4649393;-0,2640323;51,464871;-0,2650638
196054;902515758;51,6183077;-0,1767455;51,618606;-0,1767402
1548805315;956533499;51,4602808;-0,1192754;51,4602869;-0,1192497
106203;294160224;51,5256574;-0,1442502;51,5260385;-0,1442631
267341808;227728;51,4607612;-0,1174564;51,4605614;-0,1181764
18292996;17899276;51,4639572;-0,2332772;51,4637965;-0,2326424
873733547;1692210206;51,4503216;-0,1575076;51,450464;-0,1570149
18292996;17899642;51,4639572;-0,2332772;51,4641812;-0,2341759
26481032;26481020;51,44922;-0,1612474;51,4492948;-0,1610603
1548805315;110272447;51,4602808;-0,1192754;51,4600729;-0,1201485
956533499;21539418;51,4602869;-0,1192497;51,4604445;-0,1186221
873734264;33776703;51,4538738;-0,1202236;51,4537563;-0,1205204
1237102032;21504099;51,4590687;-0,1290342;51,458254;-0,1289285
21390004;36712146;51,4309034;-0,1650388;51,4308299;-0,1651187
5224440157;5224440156;51,5776389;-0,1973249;51,578149;-0,1975245
43406731;36712191;51,4314181;-0,1645353;51,4316997;-0,164256
5224440153;5224440154;51,5791821;-0,1979417;51,5790295;-0,1978902
2643036;196026;51,6268877;-0,1752834;51,6276102;-0,1748049
1030634582;196052;51,6201525;-0,1766619;51,6201206;-0,1766651
6205314505;299322;51,4633403;-0,2437799;51,4622792;-0,2436746
26480957;5879627225;51,4497249;-0,1599119;51,4499421;-0,159115
43405338;1425033960;51,4327053;-0,1637241;51,4328298;-0,1636607
114247299;997589816;51,4578439;-0,1427765;51,4580586;-0,1426131
43412521;26399228;51,4352873;-0,1604803;51,4352261;-0,160613
579493410;1677092762;51,623811;-0,1764239;51,62399;-0,1763979
31922294;227771;51,4498558;-0,1228401;51,4502291;-0,1225601
36712174;36712146;51,4304766;-0,1654661;51,4308299;-0,1651187
11079518;26480630;51,4511099;-0,1543914;51,4509933;-0,1550055
106201;265111477;51,5276777;-0,1443142;51,5284941;-0,1443278
1425033102;21390008;51,4349746;-0,1610901;51,434928;-0,1611764
294160224;293812291;51,5260385;-0,1442631;51,5266879;-0,1442929
18292975;301766;51,4645564;-0,2367891;51,4646516;-0,2375393
5861520677;195855;51,6336654;-0,1758871;51,633793;-0,1759105
26346793;26346792;51,4661918;-0,1522969;51,466235;-0,1516941
3625100899;30427351;51,46509;-0,2592914;51,465099;-0,2596202
26346792;26346793;51,466235;-0,1516941;51,4661918;-0,1522969
1623681994;1623681983;51,5289839;-0,2198089;51,5286807;-0,2181981
33776696;33776703;51,4536152;-0,1203788;51,4537563;-0,1205204
33776663;873734264;51,4544482;-0,1198508;51,4538738;-0,1202236
6012998323;6012998332;51,4512796;-0,1305623;51,4515815;-0,1304564
873733780;873733752;51,4530401;-0,1299474;51,4529823;-0,1299662
5224440154;5224440153;51,5790295;-0,1978902;51,5791821;-0,1979417
60441682;196052;51,6193913;-0,1766894;51,6201206;-0,1766651
5224440158;620849633;51,5770654;-0,1971021;51,576043;-0,1966799
18127003;20961139;51,4871433;-0,2033666;51,4874882;-0,2035374
301768;1254719345;51,4643966;-0,2354965;51,4645483;-0,2367295
110287458;2222003536;51,4756289;-0,1190276;51,4760447;-0,1185542
261698814;2221982845;51,4765613;-0,1179558;51,4766242;-0,1178893
273461183;119610537;51,4490173;-0,1130248;51,448764;-0,1130612
32048018;2538572712;51,4652131;-0,2542675;51,4652257;-0,2512982
265111477;106201;51,5284941;-0,1443278;51,5276777;-0,1443142
20961349;33203760;51,4896562;-0,2062097;51,489578;-0,2061546
18235127;1590448393;51,4629643;-0,2269768;51,4629158;-0,226562
300501141;2216565671;51,5293961;-0,1443851;51,529243;-0,144373
1590448416;18293093;51,4631438;-0,2282286;51,4631685;-0,2283979
110286668;2150883867;51,4733303;-0,1127512;51,47311;-0,1127561
33776298;119611482;51,4538111;-0,1130841;51,4541437;-0,1131727
300501947;292940769;51,5339091;-0,1462629;51,5340833;-0,1463444
873733752;873733746;51,4529823;-0,1299662;51,4529269;-0,1299841
292139;26346792;51,4662952;-0,1505115;51,466235;-0,1516941
227729;111950921;51,4704235;-0,1125102;51,4701077;-0,1125006
26346770;4062334252;51,4652184;-0,1576657;51,4652581;-0,1574549
3775227674;26346790;51,4658659;-0,1541178;51,4659937;-0,1535262
301772;18293380;51,4636109;-0,2314735;51,4635463;-0,2310037
1677085106;902515750;51,6245383;-0,1763229;51,6241706;-0,1763735
26706362;625802561;51,4596356;-0,123153;51,4597269;-0,1221807
196054;489665;51,6183077;-0,1767455;51,6182002;-0,1767506
298073;26346790;51,4661122;-0,15297;51,4659937;-0,1535262
299320;2104867490;51,4607696;-0,2435771;51,4612672;-0,243634
1250564256;18293380;51,4635172;-0,2308075;51,4635463;-0,2310037
5224440155;5224440154;51,5786614;-0,1977443;51,5790295;-0,1978902
114247299;267337489;51,4578439;-0,1427765;51,4574659;-0,1431098
18127003;20961237;51,4871433;-0,2033666;51,4867878;-0,2031774
33203791;20961349;51,4902049;-0,2065481;51,4896562;-0,2062097
32045097;32045397;51,4651263;-0,2615642;51,4651364;-0,2607917
279391478;26706720;51,4686424;-0,1124675;51,4685026;-0,1124761
6012996248;873733720;51,4510093;-0,1306572;51,450684;-0,1307765
948926114;357264401;51,5315724;-0,1452309;51,5313684;-0,1451391
6285304942;1590448393;51,4628766;-0,2261658;51,4629158;-0,226562
2150883852;279391478;51,4688316;-0,1124694;51,4686424;-0,1124675
1663421251;1131002278;51,6379793;-0,17903;51,637889;-0,1789629
32046542;6454026544;51,4651822;-0,2552399;51,4652044;-0,2545952
1692210206;873733545;51,450464;-0,1570149;51,4506067;-0,1564968
227728;21539418;51,4605614;-0,1181764;51,4604445;-0,1186221
11079515;26481032;51,4488009;-0,1623468;51,44922;-0,1612474
2378877;631433362;51,5284422;-0,2172808;51,5283531;-0,2170538
261245909;33213092;51,4714304;-0,1126175;51,472193;-0,1127294
261698814;21511949;51,4765613;-0,1179558;51,4764613;-0,1180757
2375200;2138031422;51,5309036;-0,2300541;51,5309985;-0,2304097
196039;1677107122;51,6226864;-0,1765291;51,6234943;-0,176463
21504097;5830610791;51,4553854;-0,1292779;51,4559965;-0,1291791
26481020;1482086782;51,4492948;-0,1610603;51,4494368;-0,1606877
1972890938;1250564256;51,4634581;-0,2303888;51,4635172;-0,2308075
20961237;33202557;51,4867878;-0,2031774;51,486365;-0,2029638
33213210;110284582;51,4746677;-0,1200131;51,4734101;-0,121144
33213216;2221982845;51,4773979;-0,1170672;51,4766242;-0,1178893
4062334250;4062334252;51,4653789;-0,1567313;51,4652581;-0,1574549
2222003536;110287458;51,4760447;-0,1185542;51,4756289;-0,1190276
582492979;1663461749;51,6383459;-0,1793035;51,637975;-0,1790446
18293380;1250564256;51,4635463;-0,2310037;51,4635172;-0,2308075
32048018;6454026544;51,4652131;-0,2542675;51,4652044;-0,2545952
43412859;21279528;51,4355795;-0,1598104;51,4356592;-0,1596174
20961235;1128684319;51,4858298;-0,2027357;51,4860888;-0,2028625
26481020;26481032;51,4492948;-0,1610603;51,44922;-0,1612474
26706586;110270812;51,4596737;-0,1257575;51,4596141;-0,1248767
6012812410;6012812402;51,4541222;-0,1295628;51,4537742;-0,1296794
26480631;873733545;51,4507723;-0,1559156;51,4506067;-0,1564968
227787;6012998332;51,4518799;-0,1303505;51,4515815;-0,1304564
114254937;21504099;51,4573513;-0,1289934;51,458254;-0,1289285
1030634588;1030634572;51,63515;-0,1763894;51,6352403;-0,1764446
1972890994;17899642;51,4643643;-0,2352686;51,4641812;-0,2341759
1128684319;20961236;51,4860888;-0,2028625;51,4863088;-0,2029424
873733547;26480955;51,4503216;-0,1575076;51,4502212;-0,1578716
1677092934;1677092762;51,6241165;-0,1763762;51,62399;-0,1763979
775954031;130193686;51,5452149;0,0184191;51,5453392;0,0188694
948926114;1167800139;51,5315724;-0,1452309;51,5317599;-0,1453104
18292997;17899276;51,4636857;-0,2319549;51,4637965;-0,2326424
948926110;357264401;51,5311876;-0,1450591;51,5313684;-0,1451391
299326;299324;51,4652563;-0,2438268;51,4634994;-0,2437992
26706720;279391478;51,4685026;-0,1124761;51,4686424;-0,1124675
114256429;21504097;51,4549223;-0,1293622;51,4553854;-0,1292779
266041030;26706720;51,4673143;-0,1128423;51,4685026;-0,1124761
1677092934;902515750;51,6241165;-0,1763762;51,6241706;-0,1763735
293813425;293812291;51,5268601;-0,1443013;51,5266879;-0,1442929
18292975;1254719345;51,4645564;-0,2367891;51,4645483;-0,2367295
2150883867;111928139;51,47311;-0,1127561;51,4723383;-0,1127404
26706720;266041030;51,4685026;-0,1124761;51,4673143;-0,1128423
21390008;26399229;51,434928;-0,1611764;51,434603;-0,1617326
196033;2643036;51,6265808;-0,1755074;51,6268877;-0,1752834
4062334252;4062334250;51,4652581;-0,1574549;51,4653789;-0,1567313
1663421251;1663461749;51,6379793;-0,17903;51,637975;-0,1790446
873733780;6012810680;51,4530401;-0,1299474;51,4531679;-0,1299029
1425033227;1425033406;51,4333024;-0,1633061;51,4335548;-0,1630539
2177848411;300501947;51,5335113;-0,146088;51,5339091;-0,1462629
873733777;873733746;51,4528277;-0,1300199;51,4529269;-0,1299841
997589768;997589816;51,4581845;-0,1425033;51,4580586;-0,1426131
6012810680;873733780;51,4531679;-0,1299029;51,4530401;-0,1299474
227757;4723152996;51,4595641;-0,123961;51,4595707;-0,1241664
1425033102;26399228;51,4349746;-0,1610901;51,4352261;-0,160613
18126999;1643665746;51,4885319;-0,20443;51,488661;-0,2048316
292940476;905115457;51,5345701;-0,1465626;51,5344047;-0,1464933
299791600;873733720;51,4498972;-0,1310654;51,450684;-0,1307765
451638;195850;51,6385695;-0,1794605;51,6390703;-0,1798086
1677146686;902515739;51,6235652;-0,1764539;51,6237298;-0,1764281
5224440152;5224440153;51,5796577;-0,1981508;51,5791821;-0,1979417
1677107122;196039;51,6234943;-0,176463;51,6226864;-0,1765291
1663451615;195854;51,6353937;-0,176539;51,6357453;-0,1767753
25631788;299320;51,4594005;-0,2431278;51,4607696;-0,2435771
579493410;902515739;51,623811;-0,1764239;51,6237298;-0,1764281
2643036;196033;51,6268877;-0,1752834;51,6265808;-0,1755074
1569013567;6106607129;51,4521129;-0,2439163;51,4524648;-0,2439392
2104867490;299320;51,4612672;-0,243634;51,4607696;-0,2435771
33203760;20961349;51,489578;-0,2061546;51,4896562;-0,2062097
1030634572;1030634588;51,6352403;-0,1764446;51,63515;-0,1763894
4712485405;631433362;51,5281545;-0,2165801;51,5283531;-0,2170538
1677107122;196038;51,6234943;-0,176463;51,6235299;-0,1764571
119613959;227773;51,4479977;-0,1131347;51,4479266;-0,113136
33203791;20961350;51,4902049;-0,2065481;51,4903177;-0,2065985
873733765;6012812395;51,453209;-0,1298915;51,4535898;-0,1297496
18235127;1590448416;51,4629643;-0,2269768;51,4631438;-0,2282286
587648043;196039;51,6225662;-0,1765438;51,6226864;-0,1765291
5220874280;620872402;51,5841053;-0,1998666;51,5842554;-0,1998695
2378872;2375206;51,5298852;-0,2234465;51,530152;-0,2254906
1314925428;33164941;51,4565068;-0,1439753;51,4561253;-0,1443655
111928139;2150883867;51,4723383;-0,1127404;51,47311;-0,1127561
294158420;2216565671;51,5285819;-0,1443283;51,529243;-0,144373
119612535;873734625;51,4519374;-0,113325;51,4512071;-0,1130994
579493389;195855;51,6341131;-0,1759885;51,633793;-0,1759105
30427371;32045097;51,4651035;-0,2618891;51,4651263;-0,2615642
1128684319;20961235;51,4860888;-0,2028625;51,4858298;-0,2027357
2766676657;301778;51,4623629;-0,2248083;51,4627839;-0,2250685
620849528;5224440158;51,5773208;-0,1971979;51,5770654;-0,1971021
299322;25631786;51,4622792;-0,2436746;51,4616624;-0,2436482
873734149;227771;51,4507993;-0,1221786;51,4502291;-0,1225601
3775231113;1111592522;51,4656543;-0,1553343;51,4658511;-0,1541884
299299;299300;51,4513593;-0,2433632;51,4508946;-0,2426253
4062334249;4062334250;51,4654281;-0,1564593;51,4653789;-0,1567313
21511949;2222003536;51,4764613;-0,1180757;51,4760447;-0,1185542
267341420;290025615;51,4543707;-0,1132653;51,4541849;-0,1131892
293812291;294160224;51,5266879;-0,1442929;51,5260385;-0,1442631
110287448;110291494;51,4741058;-0,1127078;51,4761739;-0,1124662
196697;620872407;51,5803873;-0,1984375;51,5802516;-0,1983848
20961235;312670730;51,4858298;-0,2027357;51,4855437;-0,2025416
312670730;20961235;51,4855437;-0,2025416;51,4858298;-0,2027357
2221982845;261698814;51,4766242;-0,1178893;51,4765613;-0,1179558
4718334238;4718334228;51,4597542;-0,1277085;51,4597526;-0,127803
1237101992;267337486;51,4567221;-0,1437872;51,4569904;-0,1435381
1701653559;196019;51,6315762;-0,1753306;51,6326856;-0,1756549
1663451615;1030634572;51,6353937;-0,176539;51,6352403;-0,1764446
1701556095;1030634588;51,6345474;-0,1761378;51,63515;-0,1763894
905115457;292940769;51,5344047;-0,1464933;51,5340833;-0,1463444
5827426458;5827426456;51,5443447;0,0150933;51,5444257;0,0154091
2378877;1623681983;51,5284422;-0,2172808;51,5286807;-0,2181981
33203777;1643665746;51,4887025;-0,2049761;51,488661;-0,2048316
21390007;26399229;51,4343325;-0,1621124;51,434603;-0,1617326
2177848413;1167800139;51,5318011;-0,1453287;51,5317599;-0,1453104
301765;301766;51,464749;-0,2385063;51,4646516;-0,2375393
2902800488;5830610791;51,4560228;-0,1291759;51,4559965;-0,1291791
6012812386;6012812394;51,45238;-0,1301764;51,4521092;-0,1302731
2150883867;110286668;51,47311;-0,1127561;51,4733303;-0,1127512
5827426456;130193340;51,5444257;0,0154091;51,5444782;0,0156374
111951162;2150883852;51,4691853;-0,1124745;51,4688316;-0,1124694
3625100901;3625100899;51,4650808;-0,258773;51,46509;-0,2592914
57308381;33228800;51,478205;-0,1162554;51,478016;-0,1164506
2104867490;25631786;51,4612672;-0,243634;51,4616624;-0,2436482
4062334249;4062334248;51,4654281;-0,1564593;51,465569;-0,1557761
5220874267;196693;51,5825445;-0,199352;51,5822067;-0,1991985
298073;26346793;51,4661122;-0,15297;51,4661918;-0,1522969
1623681983;1623681994;51,5286807;-0,2181981;51,5289839;-0,2198089
20961236;1128684319;51,4863088;-0,2029424;51,4860888;-0,2028625
279391478;2150883852;51,4686424;-0,1124675;51,4688316;-0,1124694
196055;489665;51,6173225;-0,1767883;51,6182002;-0,1767506
3736247465;30427398;51,4647965;-0,2661972;51,464871;-0,2650638
33139375;33164941;51,455635;-0,1448294;51,4561253;-0,1443655
1482090321;5879627225;51,4499827;-0,15887;51,4499421;-0,159115
2666985612;119613042;51,450656;-0,112936;51,4500983;-0,1128753
293813425;106201;51,5268601;-0,1443013;51,5276777;-0,1443142
26480631;26480630;51,4507723;-0,1559156;51,4509933;-0,1550055
292940769;905115457;51,5340833;-0,1463444;51,5344047;-0,1464933
1986996234;5125389343;51,6245533;-0,1763195;51,6255371;-0,1760284
33139292;33139383;51,4546554;-0,1457946;51,4551451;-0,145316
579493389;1701556071;51,6341131;-0,1759885;51,6345097;-0,1761061
2006920212;119613042;51,4494305;-0,112955;51,4500983;-0,1128753
1591428980;5888872233;51,5431479;0,0105698;51,5431133;0,0104425
873734072;119606066;51,4471019;-0,1130089;51,4474222;-0,1131006
119613042;2666985612;51,4500983;-0,1128753;51,450656;-0,112936
227790;260381462;51,4448429;-0,1114942;51,4466896;-0,1128051
1697599411;2375143;51,5324502;-0,2337149;51,5324067;-0,2335842
130193642;130193782;51,5459254;0,0213515;51,5456483;0,0200303
130193859;130233667;51,5446623;0,0163836;51,5445278;0,0158422
5827239128;275069586;51,5436981;0,0125925;51,5435202;0,0119265
227773;119613959;51,4479266;-0,113136;51,4479977;-0,1131347
130233337;1591428980;51,5432589;0,0109527;51,5431479;0,0105698
1578999260;130193642;51,5460958;0,0222754;51,5459254;0,0213515
275069586;130192792;51,5435202;0,0119265;51,5433006;0,0111057
5827426460;6343348893;51,5442859;0,0148598;51,5442646;0,0147744
130233667;130193340;51,5445278;0,0158422;51,5444782;0,0156374
130193340;5827426456;51,5444782;0,0156374;51,5444257;0,0154091
2375143;1697599345;51,5324067;-0,2335842;51,53169;-0,2321102
5827426458;1579000949;51,5443447;0,0150933;51,5443211;0,0150011
2666985612;873734625;51,450656;-0,112936;51,4512071;-0,1130994
775954031;268509421;51,5452149;0,0184191;51,5449128;0,0173393
273461183;2006920212;51,4490173;-0,1130248;51,4494305;-0,112955
130193686;775954031;51,5453392;0,0188694;51,5452149;0,0184191
32636782;130233645;51,5441788;0,0144494;51,5441412;0,0142848
130193782;130193686;51,5456483;0,0200303;51,5453392;0,0188694
119613959;33776485;51,4479977;-0,1131347;51,4483903;-0,1131051
5888872233;116117394;51,5431133;0,0104425;51,5427879;0,009274
119606066;227773;51,4474222;-0,1131006;51,4479266;-0,113136
130192792;130233337;51,5433006;0,0111057;51,5432589;0,0109527
5827426456;5827426458;51,5444257;0,0154091;51,5443447;0,0150933
268509421;130193859;51,5449128;0,0173393;51,5446623;0,0163836
119610537;273461183;51,448764;-0,1130612;51,4490173;-0,1130248
6273834063;32636782;51,5442606;0,0147584;51,5441788;0,0144494
130233645;130193170;51,5441412;0,0142848;51,5437837;0,0129164
33776485;119610537;51,4483903;-0,1131051;51,448764;-0,1130612
32636795;130234354;51,5465213;0,0256919;51,5463174;0,0237324
260381462;119606068;51,4466896;-0,1128051;51,4469627;-0,1129495
1579000949;5827426460;51,5443211;0,0150011;51,5442859;0,0148598
130193170;5827239128;51,5437837;0,0129164;51,5436981;0,0125925
119606068;873734072;51,4469627;-0,1129495;51,4471019;-0,1130089
130234354;1578999260;51,5463174;0,0237324;51,5460958;0,0222754
